Dataset,Total Turnaround Time,Top 10 Predicted Quantum Numbers
Artificial Dataset,2979853.0,"[7004.81, 6972.7, 6898.67, 6791.97, 6791.63, 6733.06, 6712.68, 6667.98, 6665.38, 6659.26]"
Maheen_Dataset,19656.25,"[1059.375, 1014.6875, 897.1875, 756.875, 753.28125, 660.625, 639.0625, 563.75, 527.96875, 526.5625]"
Chathurya_Dataset,47546.875,"[11264.21875, 5369.0625, 2068.59375, 1917.8125, 925.9375, 771.40625, 612.03125, 605.15625, 535.0, 498.90625]"
